Region,County District - District Name,Initial Allocation (2/3),Remaining Allocation (1/3),Total Allocation,
4,101912  HOUSTON ISD,"536,304,136","268,152,079","804,456,215",
10,057905  DALLAS ISD,"361,931,065","180,965,533","542,896,598",
11,220905  FORT WORTH ISD,"174,370,481","87,185,241","261,555,722",
4,101902  ALDINE ISD,"157,211,282","78,605,641","235,816,923",
20,015907  SAN ANTONIO ISD,"138,628,680","69,314,340","207,943,020",
19,071902  EL PASO ISD,"127,107,964","63,553,982","190,661,946",
4,101907  CYPRESS-FAIRBANKS ISD,"126,159,565","63,079,782","189,239,347",
1,031901  BROWNSVILLE ISD,"123,567,318","61,783,659","185,350,977",
20,015915  NORTHSIDE ISD,"115,303,524","57,651,762","172,955,286",
4,101903  ALIEF ISD,"112,330,487","56,165,244","168,495,731",
1,"108807 IDEA PUBLIC SCHOOLS
IDEA PUBLIC SCHOOLS","104,696,543","52,348,272","157,044,815",
13,227901  AUSTIN ISD,"103,725,376","51,862,688","155,588,064",
1,108912  LA JOYA ISD,"98,223,465","49,111,732","147,335,197",
4,101917  PASADENA ISD,"98,165,567","49,082,783","147,248,350",
19,071905  YSLETA ISD,"93,086,789","46,543,394","139,630,183",
11,220901  ARLINGTON ISD,"89,778,788","44,889,394","134,668,182",
1,240903  UNITED ISD,"85,025,088","42,512,544","127,537,632",
1,108904  EDINBURG CISD,"84,734,509","42,367,255","127,101,764",
1,240901  LAREDO ISD,"82,029,094","41,014,547","123,043,641",
1,108909  PHARR-SAN JUAN-ALAMO ISD,"80,374,061","40,187,030","120,561,091",
20,015910  NORTH EAST ISD,"78,068,151","39,034,075","117,102,226",
10,057909  GARLAND ISD,"73,854,145","36,927,072","110,781,217",
4,101919  SPRING ISD,"67,700,295","33,850,148","101,550,443",
19,071909  SOCORRO ISD,"66,157,935","33,078,968","99,236,903",
4,079907  FORT BEND ISD,"63,138,743","31,569,372","94,708,115",
4,227820  KIPP TEXAS PUBLIC SCHOOLS,"62,973,240","31,486,620","94,459,860",
2,178904  CORPUS CHRISTI ISD,"62,237,370","31,118,685","93,356,055",
1,108906  MCALLEN ISD,"60,175,137","30,087,569","90,262,706",
12,014906  KILLEEN ISD,"57,560,598","28,780,299","86,340,897",
4,101920  SPRING BRANCH ISD,"57,337,513","28,668,756","86,006,269",
10,057914  MESQUITE ISD,"54,878,751","27,439,376","82,318,127",
1,108902  DONNA ISD,"50,434,896","25,217,448","75,652,344",
17,152901  LUBBOCK ISD,"50,141,891","25,070,945","75,212,836",
10,"057912 IRVING
IRVING ISD","48,631,189","24,315,594","72,946,783",
16,188901  AMARILLO ISD,"48,473,155","24,236,577","72,709,732",
4,101915  KLEIN ISD,"48,454,489","24,227,245","72,681,734",
10,057916  RICHARDSON ISD,"46,384,787","23,192,394","69,577,181",
1,108908  MISSION CISD,"45,897,788","22,948,894","68,846,682",
4,101914  KATY ISD,"44,788,903","22,394,451","67,183,354",
1,031903  HARLINGEN CISD,"43,802,541","21,901,271","65,703,812",
6,170902  CONROE ISD,"43,137,201","21,568,601","64,705,802",
1,108913  WESLACO ISD,"42,137,287","21,068,644","63,205,931",
4,101910  GALENA PARK ISD,"40,032,966","20,016,483","60,049,449",
5,123910  BEAUMONT ISD,"38,072,811","19,036,405","57,109,216",
18,068901  ECTOR COUNTY ISD,"37,277,993","18,638,996","55,916,989",
10,057803  UPLIFT EDUCATION,"35,606,841","17,803,420","53,410,261",
10,057910  GRAND PRAIRIE ISD,"35,426,179","17,713,089","53,139,268",
12,161914  WACO ISD,"33,287,678","16,643,839","49,931,517",
4,101845  YES PREP PUBLIC SCHOOLS INC,"33,116,547","16,558,273","49,674,820",
20,015905  EDGEWOOD ISD,"31,587,069","15,793,535","47,380,604",
4,101911  GOOSE CREEK CISD,"30,915,451","15,457,725","46,373,176",
20,159901  EAGLE PASS ISD,"30,869,155","15,434,577","46,303,732",
1,031912  SAN BENITO CISD,"30,143,875","15,071,938","45,215,813",
7,212905  TYLER ISD,"29,912,605","14,956,303","44,868,908",
20,015916  JUDSON ISD,"29,063,921","14,531,961","43,595,882",
10,043910  PLANO ISD,"28,822,095","14,411,048","43,233,143",
6,021902  BRYAN ISD,"28,053,907","14,026,954","42,080,861",
14,221901  ABILENE ISD,"28,047,543","14,023,772","42,071,315",
1,214901  RIO GRANDE CITY CISD,"27,922,228","13,961,114","41,883,342",
10,"057848 ILTEXAS
INTERNATIONAL LEADERSHIP OF TEXAS (ILTEXAS)","26,193,853","13,096,927","39,290,780",
11,220902  BIRDVILLE ISD,"26,004,497","13,002,248","39,006,745",
20,015904  HARLANDALE ISD,"25,813,289","12,906,644","38,719,933",
10,057903  CARROLLTON-FARMERS BRANCH ISD,"25,455,742","12,727,871","38,183,613",
11,061902  LEWISVILLE ISD,"25,016,900","12,508,450","37,525,350",
4,084910  CLEAR CREEK ISD,"24,344,051","12,172,025","36,516,076",
19,071901  CLINT ISD,"23,412,470","11,706,235","35,118,705",
4,101913  HUMBLE ISD,"23,303,619","11,651,809","34,955,428",
18,165901  MIDLAND ISD,"23,115,403","11,557,701","34,673,104",
1,214903  ROMA ISD,"22,453,589","11,226,795","33,680,384",
20,015912  SOUTHWEST ISD,"21,956,259","10,978,130","32,934,389",
4,079901  LAMAR CISD,"21,772,671","10,886,335","32,659,006",
15,226903  SAN ANGELO ISD,"21,667,411","10,833,706","32,501,117",
9,243905  WICHITA FALLS ISD,"20,815,491","10,407,746","31,223,237",
11,220916  HURST-EULESS-BEDFORD ISD,"20,452,557","10,226,278","30,678,835",
13,227904  PFLUGERVILLE ISD,"19,804,686","9,902,343","29,707,029",
11,220908  MANSFIELD ISD,"19,680,216","9,840,108","29,520,324",
13,246909  ROUND ROCK ISD,"19,411,309","9,705,655","29,116,964",
20,015908  SOUTH SAN ANTONIO ISD,"19,147,861","9,573,930","28,721,791",
3,235902  VICTORIA ISD,"18,933,480","9,466,740","28,400,220",
1,031906  LOS FRESNOS CISD,"18,919,647","9,459,824","28,379,471",
5,123907  PORT ARTHUR ISD,"18,431,007","9,215,503","27,646,510",
1,108907  MERCEDES ISD,"18,261,396","9,130,698","27,392,094",
1,108903  EDCOUCH-ELSA ISD,"18,170,115","9,085,057","27,255,172",
15,233901  SAN FELIPE-DEL RIO CISD,"17,316,403","8,658,202","25,974,605",
12,014909  TEMPLE ISD,"17,103,573","8,551,787","25,655,360",
11,220912  CROWLEY ISD,"16,688,009","8,344,004","25,032,013",
10,057907  DUNCANVILLE ISD,"16,606,958","8,303,479","24,910,437",
7,174904  NACOGDOCHES ISD,"16,472,713","8,236,356","24,709,069",
13,227910  DEL VALLE ISD,"16,356,382","8,178,191","24,534,573",
11,061901  DENTON ISD,"15,140,817","7,570,408","22,711,225",
4,084906  TEXAS CITY ISD,"14,946,882","7,473,441","22,420,323",
4,020901  ALVIN ISD,"14,176,433","7,088,216","21,264,649",
4,020905  BRAZOSPORT ISD,"14,097,123","7,048,562","21,145,685",
1,108911  SHARYLAND ISD,"13,912,399","6,956,199","20,868,598",
8,019907  TEXARKANA ISD,"13,757,947","6,878,973","20,636,920",
6,170906  MAGNOLIA ISD,"13,344,729","6,672,364","20,017,093",
7,092903  LONGVIEW ISD,"13,106,515","6,553,257","19,659,772",
12,161807  HARMONY SCIENCE ACAD (WACO),"13,032,163","6,516,081","19,548,244",
6,170908  NEW CANEY ISD,"12,950,927","6,475,463","19,426,390",
7,003903  LUFKIN ISD,"12,423,679","6,211,840","18,635,519",
20,015822  JUBILEE ACADEMIES,"12,392,707","6,196,354","18,589,061",
4,084901  DICKINSON ISD,"12,054,226","6,027,113","18,081,339",
4,101905  CHANNELVIEW ISD,"11,889,158","5,944,579","17,833,737",
11,220907  KELLER ISD,"11,842,602","5,921,301","17,763,903",
13,105906  HAYS CISD,"11,602,592","5,801,296","17,403,888",
2,125901  ALICE ISD,"11,472,943","5,736,472","17,209,415",
1,253901  ZAPATA COUNTY ISD,"11,128,945","5,564,472","16,693,417",
14,221801  TEXAS COLLEGE PREPARATORY ACADEMIES,"11,018,112","5,509,056","16,527,168",
10,043907  MCKINNEY ISD,"11,012,514","5,506,257","16,518,771",
13,105902  SAN MARCOS CISD,"10,981,261","5,490,631","16,471,892",
4,101908  DEER PARK ISD,"10,931,398","5,465,699","16,397,097",
20,232903  UVALDE CISD,"10,779,503","5,389,751","16,169,254",
10,057906  DESOTO ISD,"10,645,337","5,322,668","15,968,005",
13,246913  LEANDER ISD,"10,540,798","5,270,399","15,811,197",
1,108916  VALLEY VIEW ISD,"10,479,143","5,239,572","15,718,715",
4,084902  GALVESTON ISD,"10,464,535","5,232,268","15,696,803",
19,071904  SAN ELIZARIO ISD,"10,423,897","5,211,949","15,635,846",
20,046902  COMAL ISD,"10,290,672","5,145,336","15,436,008",
13,011901  BASTROP ISD,"10,197,054","5,098,527","15,295,581",
4,101924  SHELDON ISD,"10,151,613","5,075,807","15,227,420",
20,015911  EAST CENTRAL ISD,"10,059,481","5,029,741","15,089,222",
7,102902  MARSHALL ISD,"10,027,563","5,013,782","15,041,345",
20,015828  HARMONY SCIENCE ACAD (SAN ANTONIO),"9,818,551","4,909,275","14,727,826",
20,015917  SOUTHSIDE ISD,"9,717,989","4,858,995","14,576,984",
10,057913  LANCASTER ISD,"9,543,125","4,771,563","14,314,688",
6,236902  HUNTSVILLE ISD,"9,368,212","4,684,106","14,052,318",
10,091906  SHERMAN ISD,"8,898,792","4,449,396","13,348,188",
20,094901  SEGUIN ISD,"8,869,501","4,434,750","13,304,251",
1,108905  HIDALGO ISD,"8,811,038","4,405,519","13,216,557",
11,220918  EAGLE MT-SAGINAW ISD,"8,803,138","4,401,569","13,204,707",
4,101846  HARMONY SCIENCE ACADEMY,"8,792,797","4,396,399","13,189,196",
1,108808  VANGUARD ACADEMY,"8,754,626","4,377,313","13,131,939",
17,095905  PLAINVIEW ISD,"8,613,847","4,306,923","12,920,770",
11,220904  EVERMAN ISD,"8,594,721","4,297,360","12,892,081",
6,021901  COLLEGE STATION ISD,"8,591,464","4,295,732","12,887,196",
8,225902  MOUNT PLEASANT ISD,"8,574,384","4,287,192","12,861,576",
4,020908  PEARLAND ISD,"8,548,925","4,274,462","12,823,387",
12,175903  CORSICANA ISD,"8,527,323","4,263,661","12,790,984",
10,057804  TEXANS CAN ACADEMIES,"8,470,506","4,235,253","12,705,759",
4,101858  HARMONY SCHOOL OF EXCELLENCE,"8,402,052","4,201,026","12,603,078",
19,071907  CANUTILLO ISD,"8,394,078","4,197,039","12,591,117",
2,178909  ROBSTOWN ISD,"8,337,356","4,168,678","12,506,034",
19,071903  FABENS ISD,"8,290,715","4,145,357","12,436,072",
7,037904  JACKSONVILLE ISD,"8,209,159","4,104,579","12,313,738",
10,057904  CEDAR HILL ISD,"8,112,899","4,056,450","12,169,349",
10,116905  GREENVILLE ISD,"8,093,463","4,046,732","12,140,195",
1,031905  LA FERIA ISD,"7,957,377","3,978,688","11,936,065",
13,227907  MANOR ISD,"7,822,060","3,911,030","11,733,090",
4,146901  CLEVELAND ISD,"7,784,514","3,892,257","11,676,771",
11,126903  CLEBURNE ISD,"7,769,120","3,884,560","11,653,680",
10,070903  ENNIS ISD,"7,685,633","3,842,817","11,528,450",
10,057807  LIFE SCHOOL,"7,507,878","3,753,939","11,261,817",
12,014903  BELTON ISD,"7,411,339","3,705,669","11,117,008",
2,137901  KINGSVILLE ISD,"7,386,009","3,693,005","11,079,014",
1,031909  POINT ISABEL ISD,"7,219,521","3,609,760","10,829,281",
8,139909  PARIS ISD,"7,110,209","3,555,104","10,665,313",
10,057813  TRINITY BASIN PREPARATORY,"7,045,677","3,522,839","10,568,516",
3,158901  BAY CITY ISD,"7,030,594","3,515,297","10,545,891",
1,031916  SOUTH TEXAS ISD,"7,018,062","3,509,031","10,527,093",
11,111901  GRANBURY ISD,"7,008,461","3,504,231","10,512,692",
19,071806  HARMONY SCIENCE ACAD (EL PASO),"6,809,304","3,404,652","10,213,956",
2,013901  BEEVILLE ISD,"6,792,490","3,396,245","10,188,735",
20,015909  SOMERSET ISD,"6,689,441","3,344,721","10,034,162",
20,133903  KERRVILLE ISD,"6,652,141","3,326,070","9,978,211",
1,245903  RAYMONDVILLE ISD,"6,642,050","3,321,025","9,963,075",
6,170904  WILLIS ISD,"6,636,017","3,318,008","9,954,025",
12,050910  COPPERAS COVE ISD,"6,614,424","3,307,212","9,921,636",
4,237904  WALLER ISD,"6,586,649","3,293,324","9,879,973",
10,070801  WAXAHACHIE FAITH FAMILY ACADEMY,"6,478,197","3,239,099","9,717,296",
6,187907  LIVINGSTON ISD,"6,460,888","3,230,444","9,691,332",
18,114901  BIG SPRING ISD,"6,413,321","3,206,660","9,619,981",
4,101828  HOUSTON GATEWAY ACADEMY INC,"6,328,413","3,164,207","9,492,620",
10,129906  TERRELL ISD,"6,326,992","3,163,496","9,490,488",
11,072801  PREMIER HIGH SCHOOLS,"6,324,811","3,162,405","9,487,216",
17,152907  FRENSHIP ISD,"6,319,153","3,159,576","9,478,729",
4,020902  ANGLETON ISD,"6,196,493","3,098,247","9,294,740",
20,254901  CRYSTAL CITY ISD,"6,181,485","3,090,743","9,272,228",
7,092904  PINE TREE ISD,"6,132,868","3,066,434","9,199,302",
7,102904  HALLSVILLE ISD,"6,129,111","3,064,555","9,193,666",
13,046901  NEW BRAUNFELS ISD,"6,115,438","3,057,719","9,173,157",
11,220906  GRAPEVINE-COLLEYVILLE ISD,"6,090,449","3,045,224","9,135,673",
20,064903  CARRIZO SPRINGS CISD,"5,951,095","2,975,548","8,926,643",
11,184903  WEATHERFORD ISD,"5,925,236","2,962,618","8,887,854",
10,070912  WAXAHACHIE ISD,"5,899,686","2,949,843","8,849,529",
16,059901  HEREFORD ISD,"5,897,225","2,948,612","8,845,837",
5,181906  WEST ORANGE-COVE CISD,"5,795,853","2,897,926","8,693,779",
13,227816  HARMONY SCIENCE ACADEMY (AUSTIN),"5,768,237","2,884,119","8,652,356",
10,043901  ALLEN ISD,"5,745,299","2,872,650","8,617,949",
11,126902  BURLESON ISD,"5,688,923","2,844,461","8,533,384",
20,015830  BROOKS ACADEMIES OF TEXAS,"5,683,334","2,841,667","8,525,001",
11,049901  GAINESVILLE ISD,"5,598,166","2,799,083","8,397,249",
2,004901  ARANSAS COUNTY ISD,"5,590,577","2,795,289","8,385,866",
10,107901  ATHENS ISD,"5,576,409","2,788,205","8,364,614",
11,220915  AZLE ISD,"5,517,976","2,758,988","8,276,964",
10,091903  DENISON ISD,"5,512,868","2,756,434","8,269,302",
1,108910  PROGRESO ISD,"5,512,323","2,756,161","8,268,484",
4,101916  LA PORTE ISD,"5,507,765","2,753,883","8,261,648",
13,246904  GEORGETOWN ISD,"5,497,349","2,748,675","8,246,024",
1,024901  BROOKS COUNTY ISD,"5,474,327","2,737,163","8,211,490",
3,241903  EL CAMPO ISD,"5,473,206","2,736,603","8,209,809",
11,220920  WHITE SETTLEMENT ISD,"5,410,315","2,705,158","8,115,473",
11,220917  CASTLEBERRY ISD,"5,339,311","2,669,655","8,008,966",
8,112901  SULPHUR SPRINGS ISD,"5,323,086","2,661,543","7,984,629",
20,007905  PLEASANTON ISD,"5,322,065","2,661,033","7,983,098",
7,001907  PALESTINE ISD,"5,320,495","2,660,247","7,980,742",
4,101921  TOMBALL ISD,"5,202,729","2,601,364","7,804,093",
11,182903  MINERAL WELLS ISD,"5,181,051","2,590,526","7,771,577",
4,101906  CROSBY ISD,"5,170,835","2,585,418","7,756,253",
12,161906  LA VEGA ISD,"5,120,402","2,560,201","7,680,603",
6,239901  BRENHAM ISD,"5,111,987","2,555,994","7,667,981",
13,028902  LOCKHART ISD,"5,108,440","2,554,220","7,662,660",
10,129905  MABANK ISD,"5,061,784","2,530,892","7,592,676",
5,121904  JASPER ISD,"5,052,654","2,526,327","7,578,981",
20,094902  SCHERTZ-CIBOLO-U CITY ISD,"5,044,474","2,522,237","7,566,711",
4,101862  HARMONY SCHOOL OF SCIENCE - HOUSTON,"5,022,767","2,511,383","7,534,150",
3,029901  CALHOUN COUNTY ISD,"5,006,658","2,503,329","7,509,987",
2,205904  MATHIS ISD,"4,980,223","2,490,111","7,470,334",
12,161921  CONNALLY ISD,"4,952,492","2,476,246","7,428,738",
11,061911  NORTHWEST ISD,"4,937,213","2,468,607","7,405,820",
10,199901  ROCKWALL ISD,"4,934,337","2,467,169","7,401,506",
5,181907  VIDOR ISD,"4,922,565","2,461,283","7,383,848",
4,146902  DAYTON ISD,"4,921,225","2,460,612","7,381,837",
4,101838  SOUTHWEST SCHOOL,"4,907,372","2,453,686","7,361,058",
13,011902  ELGIN ISD,"4,727,365","2,363,683","7,091,048",
4,101806  RAUL YZAGUIRRE SCHOOLS FOR SUCCESS,"4,707,159","2,353,579","7,060,738",
8,032902  PITTSBURG ISD,"4,662,039","2,331,019","6,993,058",
15,025902  BROWNWOOD ISD,"4,592,019","2,296,010","6,888,029",
17,110902  LEVELLAND ISD,"4,566,369","2,283,185","6,849,554",
7,212909  CHAPEL HILL ISD,"4,539,314","2,269,657","6,808,971",
17,083903  SEMINOLE ISD,"4,523,401","2,261,700","6,785,101",
10,043914  WYLIE ISD,"4,505,055","2,252,527","6,757,582",
7,092902  KILGORE ISD,"4,502,243","2,251,122","6,753,365",
20,082903  PEARSALL ISD,"4,473,657","2,236,829","6,710,486",
1,245902  LYFORD CISD,"4,422,853","2,211,427","6,634,280",
2,178914  FLOUR BLUFF ISD,"4,337,271","2,168,635","6,505,906",
6,093904  NAVASOTA ISD,"4,323,243","2,161,621","6,484,864",
1,031911  RIO HONDO ISD,"4,309,905","2,154,952","6,464,857",
16,191901  CANYON ISD,"4,272,509","2,136,254","6,408,763",
4,101814  THE VARNETT PUBLIC SCHOOL,"4,265,880","2,132,940","6,398,820",
11,220910  LAKE WORTH ISD,"4,222,881","2,111,440","6,334,321",
10,129903  KAUFMAN ISD,"4,204,575","2,102,288","6,306,863",
7,210901  CENTER ISD,"4,185,125","2,092,562","6,277,687",
7,212906  WHITEHOUSE ISD,"4,152,731","2,076,366","6,229,097",
13,089901  GONZALES ISD,"4,147,823","2,073,912","6,221,735",
13,027904  MARBLE FALLS ISD,"4,136,072","2,068,036","6,204,108",
10,043905  FRISCO ISD,"4,068,083","2,034,042","6,102,125",
6,113901  CROCKETT ISD,"4,023,188","2,011,594","6,034,782",
8,034901  ATLANTA ISD,"4,019,787","2,009,893","6,029,680",
8,019908  LIBERTY-EYLAU ISD,"4,000,986","2,000,493","6,001,479",
16,090904  PAMPA ISD,"3,972,125","1,986,062","5,958,187",
16,171901  DUMAS ISD,"3,922,071","1,961,036","5,883,107",
20,015831  SCHOOL OF SCIENCE AND TECHNOLOGY DISCOVERY,"3,916,483","1,958,242","5,874,725",
18,195901  PECOS-BARSTOW-TOYAH ISD,"3,861,027","1,930,513","5,791,540",
7,107902  BROWNSBORO ISD,"3,795,140","1,897,570","5,692,710",
2,178912  TULOSO-MIDWAY ISD,"3,775,794","1,887,897","5,663,691",
7,201902  HENDERSON ISD,"3,763,332","1,881,666","5,644,998",
12,147903  MEXIA ISD,"3,760,731","1,880,365","5,641,096",
4,237905  ROYAL ISD,"3,705,564","1,852,782","5,558,346",
7,212903  LINDALE ISD,"3,700,271","1,850,136","5,550,407",
13,227825  AUSTIN ACHIEVE PUBLIC SCHOOLS,"3,679,074","1,839,537","5,518,611",
5,100904  SILSBEE ISD,"3,667,388","1,833,694","5,501,082",
12,141901  LAMPASAS ISD,"3,659,739","1,829,869","5,489,608",
2,066902  SAN DIEGO ISD,"3,657,327","1,828,664","5,485,991",
2,178915  WEST OSO ISD,"3,645,150","1,822,575","5,467,725",
11,126905  JOSHUA ISD,"3,620,366","1,810,183","5,430,549",
20,163908  MEDINA VALLEY ISD,"3,608,505","1,804,252","5,412,757",
11,072903  STEPHENVILLE ISD,"3,599,839","1,799,920","5,399,759",
10,116908  QUINLAN ISD,"3,559,372","1,779,686","5,339,058",
17,058906  LAMESA ISD,"3,513,691","1,756,846","5,270,537",
6,166901  CAMERON ISD,"3,512,815","1,756,408","5,269,223",
5,123908  PORT NECHES-GROVES ISD,"3,500,579","1,750,289","5,250,868",
15,226801  TEXAS LEADERSHIP PUBLIC SCHOOLS,"3,499,893","1,749,947","5,249,840",
20,247901  FLORESVILLE ISD,"3,496,597","1,748,298","5,244,895",
6,154901  MADISONVILLE CISD,"3,479,462","1,739,731","5,219,193",
17,223901  BROWNFIELD ISD,"3,469,601","1,734,801","5,204,402",
2,205906  SINTON ISD,"3,443,501","1,721,751","5,165,252",
14,177902  SWEETWATER ISD,"3,420,403","1,710,202","5,130,605",
2,205902  GREGORY-PORTLAND ISD,"3,400,857","1,700,429","5,101,286",
5,146906  LIBERTY ISD,"3,380,101","1,690,050","5,070,151",
20,015838  COMPASS ROSE ACADEMY,"3,340,053","1,670,027","5,010,080",
7,230902  GILMER ISD,"3,308,991","1,654,495","4,963,486",
14,208902  SNYDER ISD,"3,305,403","1,652,702","4,958,105",
18,186902  FORT STOCKTON ISD,"3,303,808","1,651,904","4,955,712",
13,027903  BURNET CISD,"3,297,719","1,648,860","4,946,579",
10,057829  A+ ACADEMY,"3,281,075","1,640,537","4,921,612",
10,"057830 INSPIRIED VISION ACADEMY
INSPIRED VISION ACADEMY","3,266,337","1,633,168","4,899,505",
11,126901  ALVARADO ISD,"3,232,843","1,616,421","4,849,264",
2,205901  ARANSAS PASS ISD,"3,228,785","1,614,393","4,843,178",
5,123807  BOB HOPE SCHOOL,"3,219,640","1,609,820","4,829,460",
4,101802  SER-NINOS CHARTER SCHOOL,"3,203,081","1,601,540","4,804,621",
1,031914  SANTA ROSA ISD,"3,198,383","1,599,192","4,797,575",
4,237902  HEMPSTEAD ISD,"3,162,028","1,581,014","4,743,042",
6,170907  SPLENDORA ISD,"3,154,219","1,577,109","4,731,328",
6,204904  SHEPHERD ISD,"3,150,791","1,575,396","4,726,187",
5,123905  NEDERLAND ISD,"3,150,401","1,575,201","4,725,602",
12,161903  MIDWAY ISD,"3,149,045","1,574,523","4,723,568",
10,057835  GOLDEN RULE CHARTER SCHOOL,"3,132,431","1,566,216","4,698,647",
13,246911  TAYLOR ISD,"3,097,631","1,548,816","4,646,447",
10,234907  WILLS POINT ISD,"3,095,480","1,547,740","4,643,220",
10,129902  FORNEY ISD,"3,047,348","1,523,674","4,571,022",
7,183902  CARTHAGE ISD,"3,040,675","1,520,337","4,561,012",
2,125903  ORANGE GROVE ISD,"3,021,383","1,510,692","4,532,075",
5,181908  LITTLE CYPRESS-MAURICEVILLE CISD,"3,000,737","1,500,368","4,501,105",
6,170903  MONTGOMERY ISD,"2,989,971","1,494,985","4,484,956",
18,189902  PRESIDIO ISD,"2,968,589","1,484,294","4,452,883",
8,155901  JEFFERSON ISD,"2,941,629","1,470,814","4,412,443",
11,061914  LITTLE ELM ISD,"2,935,690","1,467,845","4,403,535",
7,003905  DIBOLL ISD,"2,922,643","1,461,321","4,383,964",
7,003902  HUDSON ISD,"2,893,091","1,446,546","4,339,637",
18,002901  ANDREWS ISD,"2,884,276","1,442,138","4,326,414",
13,086901  FREDERICKSBURG ISD,"2,881,640","1,440,820","4,322,460",
4,079910  STAFFORD MSD,"2,875,211","1,437,606","4,312,817",
3,241904  WHARTON ISD,"2,856,100","1,428,050","4,284,150",
4,101853  PROMISE COMMUNITY SCHOOL,"2,833,988","1,416,994","4,250,982",
10,057846  LEGACY PREPARATORY,"2,829,855","1,414,928","4,244,783",
7,092901  GLADEWATER ISD,"2,815,657","1,407,829","4,223,486",
20,010902  BANDERA ISD,"2,799,509","1,399,754","4,199,263",
1,124901  JIM HOGG COUNTY ISD,"2,793,955","1,396,978","4,190,933",
12,109904  HILLSBORO ISD,"2,788,352","1,394,176","4,182,528",
3,062901  CUERO ISD,"2,771,723","1,385,861","4,157,584",
10,070911  RED OAK ISD,"2,769,477","1,384,738","4,154,215",
20,130901  BOERNE ISD,"2,765,359","1,382,680","4,148,039",
9,243901  BURKBURNETT ISD,"2,747,439","1,373,720","4,121,159",
13,227803  WAYSIDE SCHOOLS,"2,737,833","1,368,917","4,106,750",
13,150901  LLANO ISD,"2,733,576","1,366,788","4,100,364",
13,227806  UNIVERSITY OF TEXAS UNIVERSITY CHARTER SCHOOL,"2,730,845","1,365,422","4,096,267",
20,015827  SCHOOL OF SCIENCE AND TECHNOLOGY,"2,705,370","1,352,685","4,058,055",
19,071908  TORNILLO ISD,"2,698,211","1,349,106","4,047,317",
4,146907  TARKINGTON ISD,"2,690,347","1,345,173","4,035,520",
5,121905  KIRBYVILLE CISD,"2,669,835","1,334,918","4,004,753",
7,212910  WINONA ISD,"2,667,134","1,333,567","4,000,701",
2,178903  CALALLEN ISD,"2,661,301","1,330,650","3,991,951",
10,116903  COMMERCE ISD,"2,639,833","1,319,917","3,959,750",
17,152903  SLATON ISD,"2,625,821","1,312,910","3,938,731",
4,101804  GEORGE I SANCHEZ CHARTER,"2,619,752","1,309,876","3,929,628",
1,108915  MONTE ALTO ISD,"2,614,484","1,307,242","3,921,726",
6,204901  COLDSPRING-OAKHURST CISD,"2,608,551","1,304,275","3,912,826",
7,107905  EUSTACE ISD,"2,591,887","1,295,943","3,887,830",
8,172902  DAINGERFIELD-LONE STAR ISD,"2,586,378","1,293,189","3,879,567",
10,057816  A W BROWN LEADERSHIP ACADEMY,"2,569,303","1,284,652","3,853,955",#VALUE!
16,117901  BORGER ISD,"2,558,783","1,279,391","3,838,174",
6,008901  BELLVILLE ISD,"2,558,162","1,279,081","3,837,243",
12,073903  MARLIN ISD,"2,550,973","1,275,487","3,826,460",
10,070905  FERRIS ISD,"2,544,760","1,272,380","3,817,140",
12,050902  GATESVILLE ISD,"2,543,039","1,271,519","3,814,558",
10,043911  PRINCETON ISD,"2,541,818","1,270,909","3,812,727",
4,020906  SWEENY ISD,"2,538,331","1,269,166","3,807,497",
20,"015808 
INSPIRE ACADEMIES","2,535,215","1,267,607","3,802,822",
17,140904  LITTLEFIELD ISD,"2,533,263","1,266,632","3,799,895",
6,008902  SEALY ISD,"2,520,176","1,260,088","3,780,264",
7,234906  VAN ISD,"2,519,065","1,259,533","3,778,598",
20,142901  COTULLA ISD,"2,516,179","1,258,089","3,774,268",
9,252901  GRAHAM ISD,"2,515,819","1,257,909","3,773,728",
11,184902  SPRINGTOWN ISD,"2,514,858","1,257,429","3,772,287",
8,139911  NORTH LAMAR ISD,"2,513,887","1,256,944","3,770,831",
14,215901  BRECKENRIDGE ISD,"2,506,859","1,253,429","3,760,288",
4,084908  HITCHCOCK ISD,"2,506,508","1,253,254","3,759,762",
20,014801  RICHARD MILBURN ALTER HIGH SCHOOL (KILLEEN),"2,502,551","1,251,275","3,753,826",
12,147902  GROESBECK ISD,"2,500,865","1,250,433","3,751,298",
4,020907  COLUMBIA-BRAZORIA ISD,"2,477,637","1,238,818","3,716,455",
11,220817  NEWMAN INTERNATIONAL ACADEMY OF ARLINGTON,"2,475,345","1,237,673","3,713,018",
7,107906  MALAKOFF ISD,"2,465,325","1,232,662","3,697,987",
3,062903  YOAKUM ISD,"2,461,713","1,230,856","3,692,569",
16,180901  BOYS RANCH ISD,"2,456,600","1,228,300","3,684,900",
20,082902  DILLEY ISD,"2,436,794","1,218,397","3,655,191",
7,250903  MINEOLA ISD,"2,420,995","1,210,497","3,631,492",
20,007906  POTEET ISD,"2,410,569","1,205,285","3,615,854",
11,249903  BRIDGEPORT ISD,"2,393,985","1,196,992","3,590,977",
1,108802  HORIZON MONTESSORI PUBLIC SCHOOLS,"2,382,759","1,191,379","3,574,138",
5,229903  WOODVILLE ISD,"2,356,053","1,178,027","3,534,080",
20,015806  SCHOOL OF EXCELLENCE IN EDUCATION,"2,342,581","1,171,290","3,513,871",
6,026901  CALDWELL ISD,"2,311,478","1,155,739","3,467,217",
7,037907  RUSK ISD,"2,307,836","1,153,918","3,461,754",
11,072902  DUBLIN ISD,"2,299,521","1,149,761","3,449,282",
17,152906  LUBBOCK-COOPER ISD,"2,298,856","1,149,428","3,448,284",
13,028903  LULING ISD,"2,289,871","1,144,936","3,434,807",
6,166904  ROCKDALE ISD,"2,284,868","1,142,434","3,427,302",
4,084909  SANTA FE ISD,"2,281,971","1,140,986","3,422,957",
10,070908  MIDLOTHIAN ISD,"2,267,699","1,133,849","3,401,548",
9,244903  VERNON ISD,"2,238,967","1,119,484","3,358,451",
7,190903  RAINS ISD,"2,214,393","1,107,197","3,321,590",
6,187910  ONALASKA ISD,"2,212,933","1,106,466","3,319,399",
6,228903  TRINITY ISD,"2,208,025","1,104,012","3,312,037",
2,"205903 
INGLESIDE ISD","2,203,057","1,101,529","3,304,586",
7,003904  HUNTINGTON ISD,"2,184,742","1,092,371","3,277,113",
10,057839  LA ACADEMIA DE ESTRELLAS,"2,180,324","1,090,162","3,270,486",
4,101925  HUFFMAN ISD,"2,176,562","1,088,281","3,264,843",
17,152908  ROOSEVELT ISD,"2,172,985","1,086,493","3,259,478",
6,198905  HEARNE ISD,"2,168,297","1,084,149","3,252,446",
10,057806  ADVANTAGE ACADEMY,"2,152,669","1,076,334","3,229,003",
17,009901  MULESHOE ISD,"2,148,747","1,074,373","3,223,120",
20,163904  HONDO ISD,"2,146,781","1,073,390","3,220,171",
10,074903  BONHAM ISD,"2,139,341","1,069,671","3,209,012",
4,101810  ACADEMY OF ACCELERATED LEARNING INC,"2,127,059","1,063,530","3,190,589",
10,129904  KEMP ISD,"2,053,913","1,026,957","3,080,870",
10,057814  ACADEMY FOR ACADEMIC EXCELLENCE,"2,026,487","1,013,244","3,039,731",
13,227913  LAKE TRAVIS ISD,"2,017,603","1,008,801","3,026,404",
20,015901  ALAMO HEIGHTS ISD,"2,012,630","1,006,315","3,018,945",
2,125905  PREMONT ISD,"2,009,388","1,004,694","3,014,082",
6,187904  CORRIGAN-CAMDEN ISD,"2,001,113","1,000,557","3,001,670",
3,045903  RICE CISD,"2,000,788","1,000,394","3,001,182",
3,158905  PALACIOS ISD,"1,997,056","998,528","2,995,584",
2,205905  ODEM-EDROY ISD,"1,986,165","993,082","2,979,247",
18,238902  MONAHANS-WICKETT-PYOTE ISD,"1,977,365","988,682","2,966,047",
4,146904  HARDIN ISD,"1,973,113","986,556","2,959,669",
15,226907  GRAPE CREEK ISD,"1,960,611","980,305","2,940,916",
20,007904  LYTLE ISD,"1,958,674","979,337","2,938,011",
11,220914  KENNEDALE ISD,"1,945,857","972,929","2,918,786",
16,219903  TULIA ISD,"1,945,162","972,581","2,917,743",
5,176902  NEWTON ISD,"1,937,623","968,811","2,906,434",
20,015807  SOUTHWEST PREPARATORY SCHOOL,"1,932,315","966,157","2,898,472",
2,205907  TAFT ISD,"1,924,475","962,238","2,886,713",
4,084911  FRIENDSWOOD ISD,"1,918,191","959,096","2,877,287",
20,046802  TRINITY CHARTER SCHOOL,"1,914,405","957,202","2,871,607",
10,199902  ROYSE CITY ISD,"1,888,660","944,330","2,832,990",
8,034903  HUGHES SPRINGS ISD,"1,885,658","942,829","2,828,487",
8,080901  MOUNT VERNON ISD,"1,884,427","942,214","2,826,641",
13,246906  HUTTO ISD,"1,883,857","941,929","2,825,786",
18,165902  GREENWOOD ISD,"1,883,602","941,801","2,825,403",
13,144901  GIDDINGS ISD,"1,859,789","929,894","2,789,683",
13,075902  LA GRANGE ISD,"1,859,033","929,517","2,788,550",
5,100907  LUMBERTON ISD,"1,855,971","927,986","2,783,957",
12,175907  KERENS ISD,"1,852,575","926,287","2,778,862",
20,015802  GEORGE GERVIN ACADEMY,"1,834,139","917,070","2,751,209",
8,139905  CHISUM ISD,"1,833,023","916,512","2,749,535",
14,067903  EASTLAND ISD,"1,828,891","914,446","2,743,337",
12,161918  AXTELL ISD,"1,824,669","912,334","2,737,003",
4,101856  DRAW ACADEMY,"1,801,391","900,695","2,702,086",
7,212801  CUMBERLAND ACADEMY,"1,793,396","896,698","2,690,094",
20,163901  DEVINE ISD,"1,786,953","893,476","2,680,429",
10,057841  CITYSCAPE SCHOOLS,"1,786,883","893,441","2,680,324",
1,108914  LA VILLA ISD,"1,769,277","884,639","2,653,916",
3,120901  EDNA ISD,"1,768,082","884,041","2,652,123",
15,160901  BRADY ISD,"1,766,511","883,255","2,649,766",
11,126908  VENUS ISD,"1,762,043","881,022","2,643,065",
1,031913  SANTA MARIA ISD,"1,758,407","879,203","2,637,610",
7,003907  CENTRAL ISD,"1,738,755","869,378","2,608,133",
3,045902  COLUMBUS ISD,"1,733,473","866,736","2,600,209",
13,130902  COMFORT ISD,"1,732,422","866,211","2,598,633",
2,178902  BISHOP CISD,"1,730,345","865,173","2,595,518",
16,179901  PERRYTON ISD,"1,725,428","862,714","2,588,142",
9,169901  BOWIE ISD,"1,724,462","862,231","2,586,693",
14,047901  COMANCHE ISD,"1,714,247","857,123","2,571,370",
7,212902  BULLARD ISD,"1,706,512","853,256","2,559,768",
11,249905  DECATUR ISD,"1,696,847","848,423","2,545,270",
20,015835  GREAT HEARTS TEXAS,"1,695,311","847,655","2,542,966",
5,121903  BUNA ISD,"1,693,920","846,960","2,540,880",
15,042901  COLEMAN ISD,"1,692,349","846,175","2,538,524",
13,089903  NIXON-SMILEY CISD,"1,691,083","845,542","2,536,625",
7,202903  HEMPHILL ISD,"1,685,751","842,875","2,528,626",
7,001908  WESTWOOD ISD,"1,685,220","842,610","2,527,830",
12,109911  WHITNEY ISD,"1,683,979","841,990","2,525,969",
7,234904  GRAND SALINE ISD,"1,683,945","841,972","2,525,917",
5,100903  KOUNTZE ISD,"1,669,657","834,828","2,504,485",
20,"133904 
INGRAM ISD","1,669,647","834,823","2,504,470",
7,250907  WINNSBORO ISD,"1,657,775","828,887","2,486,662",
8,034907  QUEEN CITY ISD,"1,647,499","823,749","2,471,248",
13,227824  PROMESA PUBLIC SCHOOLS,"1,640,215","820,107","2,460,322",
8,019905  NEW BOSTON ISD,"1,638,644","819,322","2,457,966",
11,061912  LAKE DALLAS ISD,"1,638,053","819,027","2,457,080",
7,203901  SAN AUGUSTINE ISD,"1,631,905","815,953","2,447,858",
7,092907  SPRING HILL ISD,"1,622,740","811,370","2,434,110",
13,011904  SMITHVILLE ISD,"1,621,614","810,807","2,432,421",
12,081902  FAIRFIELD ISD,"1,619,063","809,531","2,428,594",
13,105904  DRIPPING SPRINGS ISD,"1,616,737","808,368","2,425,105",
12,081904  TEAGUE ISD,"1,615,201","807,600","2,422,801",
4,101861  THE RHODES SCHOOL,"1,610,208","805,104","2,415,312",
14,030902  CLYDE CISD,"1,609,883","804,941","2,414,824",
8,194904  CLARKSVILLE ISD,"1,600,723","800,361","2,401,084",
10,091909  WHITESBORO ISD,"1,598,721","799,361","2,398,082",
17,077901  FLOYDADA ISD,"1,590,087","795,043","2,385,130",
10,129901  CRANDALL ISD,"1,585,459","792,729","2,378,188",
4,079906  NEEDVILLE ISD,"1,555,497","777,749","2,333,246",
6,021805  ARROW ACADEMY,"1,554,451","777,226","2,331,677",
19,071801  BURNHAM WOOD CHARTER SCHOOL DISTRICT,"1,553,486","776,743","2,330,229",
4,101819  AMIGOS POR VIDA-FRIENDS FOR LIFE PUB CHTR SCH,"1,550,424","775,212","2,325,636",
20,015805  NEW FRONTIERS PUBLIC SCHOOLS INC,"1,549,834","774,917","2,324,751",
16,035901  DIMMITT ISD,"1,545,146","772,573","2,317,719",
3,235901  BLOOMINGTON ISD,"1,543,065","771,532","2,314,597",
11,126906  KEENE ISD,"1,541,754","770,877","2,312,631",
18,248901  KERMIT ISD,"1,514,514","757,257","2,271,771",
17,083901  SEAGRAVES ISD,"1,509,967","754,983","2,264,950",
7,092908  WHITE OAK ISD,"1,508,155","754,078","2,262,233",
3,088902  GOLIAD ISD,"1,506,294","753,147","2,259,441",
3,128902  KENEDY ISD,"1,502,397","751,199","2,253,596",
7,210905  TIMPSON ISD,"1,493,102","746,551","2,239,653",
16,188902  RIVER ROAD ISD,"1,492,311","746,156","2,238,467",
12,161909  MCGREGOR ISD,"1,490,125","745,063","2,235,188",
7,201910  TATUM ISD,"1,488,689","744,345","2,233,034",
16,038901  CHILDRESS ISD,"1,488,534","744,267","2,232,801",
7,230903  ORE CITY ISD,"1,472,500","736,250","2,208,750",
4,084802  ODYSSEY ACADEMY INC,"1,469,779","734,889","2,204,668",
10,057802  PEGASUS SCHOOL OF LIBERAL ARTS AND SCIENCES,"1,465,226","732,613","2,197,839",
12,161922  ROBINSON ISD,"1,465,126","732,563","2,197,689",
11,184907  ALEDO ISD,"1,464,101","732,050","2,196,151",
6,228901  GROVETON ISD,"1,455,001","727,500","2,182,501",
20,254902  LA PRYOR ISD,"1,437,836","718,918","2,156,754",
2,149901  GEORGE WEST ISD,"1,437,421","718,710","2,156,131",
4,101859  STEP CHARTER SCHOOL,"1,433,023","716,511","2,149,534",
10,057831  GATEWAY CHARTER ACADEMY,"1,431,542","715,771","2,147,313",
6,145901  BUFFALO ISD,"1,427,350","713,675","2,141,025",
6,170801  TEXAS SERENITY ACADEMY,"1,425,594","712,797","2,138,391",
7,250906  ALBA-GOLDEN ISD,"1,401,120","700,560","2,101,680",
4,101868  THE PRO-VISION ACADEMY,"1,398,163","699,082","2,097,245",
3,128901  KARNES CITY ISD,"1,395,177","697,588","2,092,765",
14,221912  WYLIE ISD,"1,384,615","692,308","2,076,923",
14,221904  MERKEL ISD,"1,378,242","689,121","2,067,363",
12,161802  RAPOPORT ACADEMY PUBLIC SCHOOL,"1,375,000","687,500","2,062,500",
10,057827  NOVA ACADEMY SOUTHEAST,"1,374,865","687,433","2,062,298",
5,229904  WARREN ISD,"1,374,610","687,305","2,061,915",
7,201914  WEST RUSK COUNTY CONSOLIDATED ISD,"1,362,173","681,087","2,043,260",
12,018901  CLIFTON ISD,"1,360,527","680,264","2,040,791",
11,126907  RIO VISTA ISD,"1,358,346","679,173","2,037,519",
5,181901  BRIDGE CITY ISD,"1,344,943","672,472","2,017,415",
8,019901  DEKALB ISD,"1,343,533","671,766","2,015,299",
4,036902  BARBERS HILL ISD,"1,333,897","666,949","2,000,846",
15,134901  JUNCTION ISD,"1,331,161","665,580","1,996,741",
7,250904  QUITMAN ISD,"1,331,105","665,553","1,996,658",
15,025909  EARLY ISD,"1,328,804","664,402","1,993,206",
20,007902  JOURDANTON ISD,"1,327,403","663,702","1,991,105",
17,251901  DENVER CITY ISD,"1,326,268","663,134","1,989,402",
16,188903  HIGHLAND PARK ISD,"1,323,581","661,791","1,985,372",
14,168901  COLORADO ISD,"1,321,545","660,773","1,982,318",
5,181905  ORANGEFIELD ISD,"1,320,405","660,202","1,980,607",
3,158902  TIDEHAVEN ISD,"1,309,763","654,882","1,964,645",
4,101811  EXCEL ACADEMY,"1,309,038","654,519","1,963,557",
2,066903  FREER ISD,"1,307,542","653,771","1,961,313",
11,126911  GODLEY ISD,"1,303,230","651,615","1,954,845",
20,247903  LA VERNIA ISD,"1,300,098","650,049","1,950,147",
8,019902  HOOKS ISD,"1,292,319","646,159","1,938,478",
7,250902  HAWKINS ISD,"1,285,755","642,877","1,928,632",
8,172905  PEWITT CISD,"1,285,420","642,710","1,928,130",
11,061908  SANGER ISD,"1,285,145","642,572","1,927,717",
17,054901  CROSBYTON CISD,"1,281,873","640,936","1,922,809",
6,236901  NEW WAVERLY ISD,"1,275,929","637,965","1,913,894",
10,057922  COPPELL ISD,"1,273,023","636,511","1,909,534",
7,037901  ALTO ISD,"1,270,081","635,041","1,905,122",
4,101870  BETA ACADEMY,"1,269,171","634,585","1,903,756",
8,034905  LINDEN-KILDARE CISD,"1,261,116","630,558","1,891,674",
16,056901  DALHART ISD,"1,258,039","629,020","1,887,059",
7,001903  ELKHART ISD,"1,248,274","624,137","1,872,411",
4,036901  ANAHUAC ISD,"1,238,378","619,189","1,857,567",
20,163903  NATALIA ISD,"1,237,113","618,556","1,855,669",
20,247906  STOCKDALE ISD,"1,233,160","616,580","1,849,740",
20,133901  CENTER POINT ISD,"1,232,700","616,350","1,849,050",
19,071906  ANTHONY ISD,"1,232,405","616,202","1,848,607",
7,210903  SHELBYVILLE ISD,"1,224,055","612,028","1,836,083",
10,129910  SCURRY-ROSSER ISD,"1,222,274","611,137","1,833,411",
14,067902  CISCO ISD,"1,221,073","610,537","1,831,610",
7,212904  TROUP ISD,"1,218,382","609,191","1,827,573",
16,185903  FRIONA ISD,"1,216,256","608,128","1,824,384",
7,174906  WODEN ISD,"1,214,665","607,332","1,821,997",
12,014804  ORENDA CHARTER SCHOOL,"1,202,963","601,482","1,804,445",
7,102903  WASKOM ISD,"1,202,938","601,469","1,804,407",
15,206901  SAN SABA ISD,"1,201,843","600,921","1,802,764",
15,200901  BALLINGER ISD,"1,183,167","591,584","1,774,751",
8,060902  COOPER ISD,"1,178,339","589,170","1,767,509",
9,243906  CITY VIEW ISD,"1,169,505","584,752","1,754,257",
11,213901  GLEN ROSE ISD,"1,163,421","581,710","1,745,131",
16,096904  MEMPHIS ISD,"1,159,614","579,807","1,739,421",
17,152902  NEW DEAL ISD,"1,146,537","573,268","1,719,805",
12,"109907 
ITASCA ISD","1,142,999","571,500","1,714,499",
8,112908  COMO-PICKTON CISD,"1,136,631","568,315","1,704,946",
13,105905  WIMBERLEY ISD,"1,135,280","567,640","1,702,920",
7,210902  JOAQUIN ISD,"1,132,313","566,157","1,698,470",
7,174908  CENTRAL HEIGHTS ISD,"1,130,277","565,139","1,695,416",
7,001904  FRANKSTON ISD,"1,129,642","564,821","1,694,463",
12,073905  ROSEBUD-LOTT ISD,"1,128,031","564,015","1,692,046",
6,113902  GRAPELAND ISD,"1,125,295","562,647","1,687,942",
10,043902  ANNA ISD,"1,124,789","562,395","1,687,184",
10,091905  HOWE ISD,"1,124,024","562,012","1,686,036",
12,175911  RICE ISD,"1,117,375","558,687","1,676,062",
7,003801  PINEYWOODS COMMUNITY ACADEMY,"1,116,625","558,312","1,674,937",
12,161916  WEST ISD,"1,111,007","555,503","1,666,510",
18,022901  ALPINE ISD,"1,110,216","555,108","1,665,324",
5,100905  HARDIN-JEFFERSON ISD,"1,109,375","554,688","1,664,063",
17,085902  POST ISD,"1,105,629","552,814","1,658,443",
6,145902  CENTERVILLE ISD,"1,105,403","552,702","1,658,105",
7,102906  ELYSIAN FIELDS ISD,"1,097,489","548,744","1,646,233",
2,137902  RICARDO ISD,"1,092,031","546,015","1,638,046",
4,101847  BEATRICE MAYES INSTITUTE CHARTER SCHOOL,"1,079,513","539,757","1,619,270",
2,013903  PETTUS ISD,"1,074,306","537,153","1,611,459",
5,123805  EHRHART SCHOOL,"1,071,654","535,827","1,607,481",
14,104901  HASKELL CISD,"1,065,436","532,718","1,598,154",
4,101849  ACCELERATED INTERMEDIATE ACADEMY,"1,065,115","532,558","1,597,673",
11,049905  CALLISBURG ISD,"1,064,725","532,363","1,597,088",
10,116901  CADDO MILLS ISD,"1,064,435","532,218","1,596,653",
9,169902  NOCONA ISD,"1,059,747","529,874","1,589,621",
8,225906  CHAPEL HILL ISD,"1,054,539","527,270","1,581,809",
20,130801  MEADOWLAND CHARTER DISTRICT,"1,053,579","526,790","1,580,369",
1,245901  LASARA ISD,"1,052,283","526,142","1,578,425",
12,097902  HAMILTON ISD,"1,052,008","526,004","1,578,012",
10,057808  UNIVERSAL ACADEMY,"1,051,278","525,639","1,576,917",
2,178913  BANQUETE ISD,"1,050,467","525,234","1,575,701",
1,108804  TRIUMPH PUBLIC HIGH SCHOOLS-RIO GRANDE VALLEY,"1,049,652","524,826","1,574,478",
8,019912  PLEASANT GROVE ISD,"1,046,710","523,355","1,570,065",
7,230901  BIG SANDY ISD,"1,044,003","522,002","1,566,005",
15,053001  CROCKETT COUNTY CONSOLIDATED CSD,"1,043,499","521,749","1,565,248",
17,140905  OLTON ISD,"1,042,928","521,464","1,564,392",
11,061906  PONDER ISD,"1,035,259","517,629","1,552,888",
10,234902  CANTON ISD,"1,032,947","516,474","1,549,421",
1,240904  WEBB CISD,"1,026,329","513,164","1,539,493",
9,"243903 
IOWA PARK CISD","1,024,563","512,281","1,536,844",
9,119902  JACKSBORO ISD,"1,024,297","512,149","1,536,446",
12,161908  MART ISD,"1,022,882","511,441","1,534,323",
3,143901  HALLETTSVILLE ISD,"1,020,390","510,195","1,530,585",
8,019909  SIMMS ISD,"1,012,861","506,431","1,519,292",
7,230905  HARMONY ISD,"1,000,404","500,202","1,500,606",
12,161920  CHINA SPRING ISD,"1,000,194","500,097","1,500,291",
12,167901  GOLDTHWAITE ISD,"993,515","496,758","1,490,273",
7,230906  NEW DIANA ISD,"993,250","496,625","1,489,875",
19,115901  FT HANCOCK ISD,"991,769","495,885","1,487,654",
14,127906  STAMFORD ISD,"990,803","495,402","1,486,205",
12,167902  MULLIN ISD,"988,987","494,494","1,483,481",
20,010901  MEDINA ISD,"986,006","493,003","1,479,009",
20,007901  CHARLOTTE ISD,"982,229","491,114","1,473,343",
13,016902  BLANCO ISD,"977,927","488,963","1,466,890",
15,025901  BANGS ISD,"977,306","488,653","1,465,959",
10,057810  ACADEMY OF DALLAS,"974,449","487,225","1,461,674",
7,212901  ARP ISD,"972,753","486,377","1,459,130",
6,026902  SOMERVILLE ISD,"970,817","485,409","1,456,226",
14,127901  ANSON ISD,"966,245","483,122","1,449,367",
7,092906  SABINE ISD,"964,694","482,347","1,447,041",
17,153904  TAHOKA ISD,"952,377","476,188","1,428,565",
2,013905  SKIDMORE-TYNAN ISD,"951,791","475,896","1,427,687",
7,210904  TENAHA ISD,"949,611","474,805","1,424,416",
5,123914  HAMSHIRE-FANNETT ISD,"946,283","473,142","1,419,425",
12,073901  CHILTON ISD,"944,117","472,059","1,416,176",
7,203902  BROADDUS ISD,"942,587","471,293","1,413,880",
12,014910  TROY ISD,"941,531","470,765","1,412,296",
15,200904  WINTERS ISD,"940,711","470,355","1,411,066",
17,095903  HALE CENTER ISD,"939,795","469,897","1,409,692",
17,077902  LOCKNEY ISD,"939,530","469,765","1,409,295",
2,137904  SANTA GERTRUDIS ISD,"938,875","469,437","1,408,312",
6,198906  MUMFORD ISD,"938,474","469,237","1,407,711",
13,075903  SCHULENBURG ISD,"938,034","469,017","1,407,051",
10,043918  COMMUNITY ISD,"935,683","467,841","1,403,524",
10,091913  POTTSBORO ISD,"934,697","467,348","1,402,045",
11,061903  PILOT POINT ISD,"932,331","466,165","1,398,496",
8,074907  HONEY GROVE ISD,"930,439","465,220","1,395,659",
10,043904  FARMERSVILLE ISD,"928,403","464,202","1,392,605",
10,057828  WINFREE ACADEMY CHARTER SCHOOLS,"926,242","463,121","1,389,363",
17,054903  RALLS ISD,"925,932","462,966","1,388,898",
17,040901  MORTON ISD,"925,772","462,886","1,388,658",
18,055901  CULBERSON COUNTY-ALLAMOORE ISD,"920,079","460,039","1,380,118",
9,012901  SEYMOUR ISD,"911,334","455,667","1,367,001",
2,013801  ST MARY'S ACADEMY CHARTER SCHOOL,"910,623","455,312","1,365,935",
17,152909  SHALLOWATER ISD,"907,942","453,971","1,361,913",
10,057834  EVOLUTION ACADEMY CHARTER SCHOOL,"907,817","453,908","1,361,725",
6,198903  FRANKLIN ISD,"907,407","453,703","1,361,110",
10,116915  BLAND ISD,"905,255","452,628","1,357,883",
9,138903  MUNDAY CISD,"905,090","452,545","1,357,635",
20,015815  HERITAGE ACADEMY,"900,928","450,464","1,351,392",
12,161910  MOODY ISD,"898,757","449,378","1,348,135",
3,158906  VAN VLECK ISD,"897,981","448,991","1,346,972",
8,194903  RIVERCREST ISD,"894,649","447,325","1,341,974",
13,227817  CEDARS INTERNATIONAL ACADEMY,"893,609","446,804","1,340,413",
11,249906  PARADISE ISD,"890,522","445,261","1,335,783",
12,175902  BLOOMING GROVE ISD,"890,122","445,061","1,335,183",
7,234905  MARTINS MILL ISD,"888,111","444,055","1,332,166",
14,127903  HAMLIN COLLEGIATE ISD,"886,320","443,160","1,329,480",
16,044902  WELLINGTON ISD,"884,949","442,474","1,327,423",
5,123803  TEKOA ACADEMY OF ACCELERATED STUDIES STEM SCHOOL,"880,807","440,403","1,321,210",
1,240801  TRIUMPH PUBLIC HIGH SCHOOLS-LAREDO,"879,786","439,893","1,319,679",
14,047902  DE LEON ISD,"879,501","439,750","1,319,251",
7,202905  WEST SABINE ISD,"873,467","436,734","1,310,201",
7,174903  GARRISON ISD,"863,727","431,863","1,295,590",
7,102901  KARNACK ISD,"862,306","431,153","1,293,459",
2,066901  BENAVIDES ISD,"858,729","429,365","1,288,094",
8,139912  PRAIRILAND ISD,"857,679","428,839","1,286,518",
18,156902  STANTON ISD,"857,479","428,739","1,286,218",
10,057850  PIONEER TECHNOLOGY & ARTS ACADEMY,"852,571","426,285","1,278,856",
20,232902  SABINAL ISD,"850,705","425,352","1,276,057",
11,126904  GRANDVIEW ISD,"850,179","425,090","1,275,269",
3,196903  REFUGIO ISD,"849,264","424,632","1,273,896",
10,116906  LONE OAK ISD,"846,137","423,069","1,269,206",
15,218901  SONORA ISD,"838,548","419,274","1,257,822",
6,113906  KENNARD ISD,"835,091","417,545","1,252,636",
8,225907  HARTS BLUFF ISD,"833,055","416,527","1,249,582",
6,198902  CALVERT ISD,"829,673","414,836","1,244,509",
6,021803  BRAZOS SCHOOL FOR INQUIRY & CREATIVITY,"827,601","413,801","1,241,402",
15,157901  MASON ISD,"826,211","413,105","1,239,316",
3,241901  BOLING ISD,"823,074","411,537","1,234,611",
13,011905  MCDADE ISD,"821,078","410,539","1,231,617",
20,015809  BEXAR COUNTY ACADEMY,"820,673","410,336","1,231,009",
17,095901  ABERNATHY ISD,"819,022","409,511","1,228,533",
15,069901  ROCKSPRINGS ISD,"818,697","409,348","1,228,045",
6,145911  LEON ISD,"818,487","409,243","1,227,730",
20,094904  MARION ISD,"817,491","408,745","1,226,236",
9,252903  OLNEY ISD,"817,206","408,603","1,225,809",
16,098904  SPEARMAN ISD,"812,908","406,454","1,219,362",
10,070910  PALMER ISD,"809,767","404,883","1,214,650",
12,014803  PRIORITY CHARTER SCHOOLS,"809,437","404,718","1,214,155",
15,042903  SANTA ANNA ISD,"808,141","404,070","1,212,211",
15,164901  MENARD ISD,"807,290","403,645","1,210,935",
4,101873  YELLOWSTONE COLLEGE PREPARATORY,"803,673","401,837","1,205,510",
20,136901  BRACKETT ISD,"802,873","401,436","1,204,309",
10,057844  MANARA ACADEMY,"801,757","400,879","1,202,636",
12,175904  DAWSON ISD,"801,272","400,636","1,201,908",
13,227912  LAGO VISTA ISD,"800,881","400,441","1,201,322",
17,054902  LORENZO ISD,"799,451","399,725","1,199,176",
7,174902  CUSHING ISD,"798,785","399,393","1,198,178",
11,220815  CHAPEL HILL ACADEMY,"798,025","399,012","1,197,037",
13,246908  LIBERTY HILL ISD,"790,571","395,285","1,185,856",
13,227909  EANES ISD,"789,480","394,740","1,184,220",
7,003906  ZAVALLA ISD,"785,378","392,689","1,178,067",
12,161919  BRUCEVILLE-EDDY ISD,"777,469","388,734","1,166,203",
8,019906  REDWATER ISD,"776,133","388,066","1,164,199",
1,108809  EXCELLENCE IN LEADERSHIP ACADEMY,"771,130","385,565","1,156,695",
11,220819  HIGH POINT ACADEMY,"769,309","384,654","1,153,963",
17,223902  MEADOW ISD,"762,025","381,012","1,143,037",
3,062904  YORKTOWN ISD,"758,813","379,406","1,138,219",
14,067907  RANGER ISD,"757,432","378,716","1,136,148",
4,101840  TWO DIMENSIONS PREPARATORY ACADEMY,"751,594","375,797","1,127,391",
20,232901  KNIPPA ISD,"751,039","375,519","1,126,558",
9,099903  QUANAH ISD,"746,181","373,090","1,119,271",
7,234903  EDGEWOOD ISD,"741,373","370,686","1,112,059",
3,241902  EAST BERNARD ISD,"739,027","369,513","1,108,540",
10,091914  S AND S CISD,"735,540","367,770","1,103,310",
12,018902  MERIDIAN ISD,"734,844","367,422","1,102,266",
10,074909  LEONARD ISD,"732,938","366,469","1,099,407",
12,014908  SALADO ISD,"732,533","366,267","1,098,800",
2,125902  BEN BOLT-PALITO BLANCO ISD,"732,363","366,181","1,098,544",
7,174901  CHIRENO ISD,"732,358","366,179","1,098,537",
10,043903  CELINA ISD,"727,505","363,753","1,091,258",
16,065901  CLARENDON ISD,"725,714","362,857","1,088,571",
15,207901  SCHLEICHER ISD,"725,649","362,825","1,088,474",
7,107904  CROSS ROADS ISD,"725,419","362,709","1,088,128",
10,116916  BOLES ISD,"721,732","360,866","1,082,598",
6,113905  LATEXO ISD,"720,737","360,368","1,081,105",
14,127904  HAWLEY ISD,"719,455","359,728","1,079,183",
11,220919  CARROLL ISD,"719,321","359,660","1,078,981",
12,097903  HICO ISD,"719,265","359,633","1,078,898",
12,141902  LOMETA ISD,"716,764","358,382","1,075,146",
7,174909  MARTINSVILLE ISD,"716,419","358,209","1,074,628",
18,052901  CRANE ISD,"714,553","357,276","1,071,829",
18,114902  COAHOMA ISD,"713,967","356,984","1,070,951",
18,189901  MARFA ISD,"712,337","356,168","1,068,505",
6,198901  BREMOND ISD,"710,125","355,063","1,065,188",
7,201913  CARLISLE ISD,"708,890","354,445","1,063,335",
11,061905  KRUM ISD,"707,063","353,532","1,060,595",
15,069902  NUECES CANYON CISD,"705,683","352,841","1,058,524",
6,166903  MILANO ISD,"702,731","351,366","1,054,097",
20,094903  NAVARRO ISD,"700,660","350,330","1,050,990",
1,245904  SAN PERLITA ISD,"697,723","348,862","1,046,585",
11,061907  AUBREY ISD,"695,627","347,814","1,043,441",
7,037908  NEW SUMMERFIELD ISD,"695,387","347,694","1,043,081",
9,039902  HENRIETTA ISD,"691,575","345,787","1,037,362",
5,176903  DEWEYVILLE ISD,"690,929","345,465","1,036,394",
17,110901  ANTON ISD,"689,153","344,577","1,033,730",
7,107910  LAPOYNOR ISD,"687,848","343,924","1,031,772",
12,147901  COOLIDGE ISD,"685,791","342,896","1,028,687",
10,091910  WHITEWRIGHT ISD,"685,727","342,863","1,028,590",
11,249902  BOYD ISD,"684,396","342,198","1,026,594",
2,149902  THREE RIVERS ISD,"684,351","342,175","1,026,526",
12,161907  LORENA ISD,"677,962","338,981","1,016,943",
8,194905  DETROIT ISD,"671,664","335,832","1,007,496",
18,231901  MCCAMEY ISD,"668,132","334,066","1,002,198",
10,057836  ST ANTHONY SCHOOL,"666,271","333,135","999,406",
10,057845  UME PREPARATORY ACADEMY,"664,305","332,152","996,457",
7,250905  YANTIS ISD,"662,879","331,439","994,318",
5,123913  SABINE PASS ISD,"661,593","330,797","992,390",
3,"120905 
INDUSTRIAL ISD","661,448","330,724","992,172",
10,091908  VAN ALSTYNE ISD,"661,238","330,619","991,857",
7,102905  HARLETON ISD,"659,177","329,588","988,765",
18,192901  REAGAN COUNTY ISD,"657,301","328,650","985,951",
20,193801  BIG SPRINGS CHARTER SCHOOL,"657,291","328,645","985,936",
7,201908  OVERTON ISD,"655,309","327,655","982,964",
9,243902  ELECTRA ISD,"652,958","326,479","979,437",
11,182904  SANTO ISD,"652,238","326,119","978,357",
13,246902  FLORENCE ISD,"647,120","323,560","970,680",
19,071807  LA FE PREPARATORY SCHOOL,"646,369","323,185","969,554",
6,187901  BIG SANDY ISD,"646,179","323,090","969,269",
11,249904  CHICO ISD,"642,472","321,236","963,708",
4,101855  MEYERPARK ELEMENTARY,"641,817","320,908","962,725",
2,178905  DRISCOLL ISD,"636,229","318,114","954,343",
4,101864  THE LAWSON ACADEMY,"636,139","318,069","954,208",
12,018904  VALLEY MILLS ISD,"634,693","317,346","952,039",
7,001902  CAYUGA ISD,"633,382","316,691","950,073",
1,214902  SAN ISIDRO ISD,"631,146","315,573","946,719",
13,246907  JARRELL ISD,"630,765","315,383","946,148",
5,121902  BROOKELAND ISD,"627,079","313,539","940,618",
7,037909  WELLS ISD,"625,463","312,731","938,194",
14,177901  ROSCOE COLLEGIATE ISD,"621,915","310,958","932,873",
16,106901  CANADIAN ISD,"621,885","310,943","932,828",
12,014905  HOLLAND ISD,"616,277","308,139","924,416",
10,116902  CELESTE ISD,"616,183","308,091","924,274",
8,112906  NORTH HOPKINS ISD,"615,832","307,916","923,748",
13,227805  TEXAS EMPOWERMENT ACADEMY,"613,586","306,793","920,379",
10,057847  VILLAGE TECH SCHOOLS,"609,854","304,927","914,781",
3,045905  WEIMAR ISD,"608,933","304,467","913,400",
13,075901  FLATONIA ISD,"604,991","302,496","907,487",
11,184904  MILLSAP ISD,"604,561","302,280","906,841",
7,230908  UNION GROVE ISD,"604,095","302,048","906,143",
7,234909  FRUITVALE ISD,"603,865","301,933","905,798",
6,113903  LOVELADY ISD,"603,250","301,625","904,875",
10,116909  WOLFE CITY ISD,"603,215","301,608","904,823",
11,049903  VALLEY VIEW ISD,"600,129","300,064","900,193",
6,008903  BRAZOS ISD,"600,093","300,047","900,140",
16,035902  HART ISD,"598,533","299,266","897,799",
19,071810  EL PASO LEADERSHIP ACADEMY,"595,751","297,875","893,626",
14,030906  EULA ISD,"594,760","297,380","892,140",
6,187903  GOODRICH ISD,"582,709","291,354","874,063",
19,071804  EL PASO ACADEMY,"581,923","290,962","872,885",
17,140908  SUDAN ISD,"580,067","290,034","870,101",
20,015825  LIGHTHOUSE PUBLIC SCHOOLS,"579,907","289,953","869,860",
17,153903  O'DONNELL ISD,"579,357","289,678","869,035",
7,183904  GARY ISD,"578,221","289,111","867,332",
11,220811  EAST FORT WORTH MONTESSORI ACADEMY,"576,575","288,288","864,863",
5,036903  EAST CHAMBERS ISD,"575,489","287,745","863,234",
8,034906  MCLEOD ISD,"573,759","286,879","860,638",
15,042905  PANTHER CREEK CISD,"573,513","286,757","860,270",
11,220802  ARLINGTON CLASSICS ACADEMY,"572,823","286,411","859,234",
2,178901  AGUA DULCE ISD,"570,887","285,443","856,330",
12,018905  WALNUT SPRINGS ISD,"568,861","284,430","853,291",
16,117904  PLEMONS-STINNETT-PHILLIPS CISD,"564,779","282,389","847,168",
2,137903  RIVIERA ISD,"564,168","282,084","846,252",
3,120902  GANADO ISD,"564,073","282,037","846,110",
17,051901  PADUCAH ISD,"562,983","281,491","844,474",
17,223904  WELLMAN-UNION CISD,"560,056","280,028","840,084",
13,227804  NYOS CHARTER SCHOOL,"558,605","279,302","837,907",
6,145906  NORMANGEE ISD,"556,209","278,104","834,313",
2,178801  DR M L GARZA-GONZALEZ CHARTER SCHOOL,"553,252","276,626","829,878",
7,183901  BECKVILLE ISD,"552,892","276,446","829,338",
20,015841  THE GATHERING PLACE,"550,475","275,238","825,713",
3,241906  LOUISE ISD,"548,849","274,425","823,274",
12,014901  ACADEMY ISD,"547,554","273,777","821,331",
11,111903  TOLAR ISD,"546,738","273,369","820,107",
12,161801  WACO CHARTER SCHOOL,"545,307","272,654","817,961",
16,188904  BUSHLAND ISD,"543,411","271,706","815,117",
6,228905  APPLE SPRINGS ISD,"539,204","269,602","808,806",
3,196902  WOODSBORO ISD,"529,159","264,579","793,738",
14,221911  JIM NED CISD,"527,433","263,716","791,149",
7,174911  DOUGLASS ISD,"526,577","263,288","789,865",
9,005901  ARCHER CITY ISD,"523,810","261,905","785,715",
17,040902  WHITEFACE CISD,"518,837","259,419","778,256",
12,175910  MILDRED ISD,"518,167","259,084","777,251",
11,184908  PEASTER ISD,"517,922","258,961","776,883",
16,242902  SHAMROCK ISD,"516,281","258,141","774,422",
17,251902  PLAINS ISD,"516,236","258,118","774,354",
9,252902  NEWCASTLE ISD,"511,629","255,814","767,443",
10,057833  EDUCATION CENTER INTERNATIONAL ACADEMY,"511,123","255,562","766,685",
12,014907  ROGERS ISD,"509,767","254,884","764,651",
16,185901  BOVINA ISD,"506,716","253,358","760,074",
10,116910  CAMPBELL ISD,"504,709","252,355","757,064",
14,209901  ALBANY ISD,"504,375","252,187","756,562",
11,061802  NORTH TEXAS COLLEGIATE ACADEMY,"504,149","252,075","756,224",
8,034909  BLOOMBURG ISD,"502,028","251,014","753,042",
11,184901  POOLVILLE ISD,"501,563","250,781","752,344",
10,074917  SAM RAYBURN ISD,"499,147","249,573","748,720",
12,175905  FROST ISD,"497,976","248,988","746,964",
8,019903  MAUD ISD,"495,249","247,625","742,874",
6,026903  SNOOK ISD,"493,939","246,969","740,908",
15,226906  WALL ISD,"491,732","245,866","737,598",
5,176901  BURKEVILLE ISD,"489,841","244,921","734,762",
16,117903  SANFORD-FRITCH ISD,"489,841","244,921","734,762",
5,229901  COLMESNEIL ISD,"487,350","243,675","731,025",
6,"093903 
IOLA ISD","484,118","242,059","726,177",
13,014902  BARTLETT ISD,"483,303","241,651","724,954",
15,048903  PAINT ROCK ISD,"483,163","241,581","724,744",
20,015801  POR VIDA ACADEMY,"482,577","241,289","723,866",
17,152802  RISE ACADEMY,"479,525","239,763","719,288",
10,091918  TOM BEAN ISD,"478,710","239,355","718,065",
5,229905  SPURGER ISD,"477,364","238,682","716,046",
12,081905  WORTHAM ISD,"476,509","238,254","714,763",
13,144902  LEXINGTON ISD,"474,783","237,391","712,174",
17,110906  SMYER ISD,"474,583","237,291","711,874",
3,128903  RUNGE ISD,"473,917","236,959","710,876",
14,030903  BAIRD ISD,"470,430","235,215","705,645",
16,096905  TURKEY-QUITAQUE ISD,"469,925","234,962","704,887",
18,022004  TERLINGUA CSD,"468,529","234,265","702,794",
14,030901  CROSS PLAINS ISD,"464,197","232,098","696,295",
10,"070907 
ITALY ISD","462,866","231,433","694,299",
17,152803  TRIUMPH PUBLIC HIGH SCHOOLS-LUBBOCK,"462,716","231,358","694,074",
13,089905  WAELDER ISD,"458,153","229,077","687,230",
12,161912  RIESEL ISD,"457,328","228,664","685,992",
15,226905  WATER VALLEY ISD,"455,742","227,871","683,613",
8,194902  AVERY ISD,"455,181","227,591","682,772",
13,016901  JOHNSON CITY ISD,"454,937","227,468","682,405",
7,230904  UNION HILL ISD,"454,251","227,126","681,377",
9,119901  BRYSON ISD,"451,409","225,705","677,114",
13,105803  KI CHARTER ACADEMY,"449,619","224,809","674,428",
9,039903  PETROLIA CISD,"448,573","224,286","672,859",
3,196901  AUSTWELL-TIVOLI ISD,"443,920","221,960","665,880",
6,187906  LEGGETT ISD,"443,460","221,730","665,190",
14,168902  LORAINE ISD,"442,885","221,442","664,327",
13,166905  THORNDALE ISD,"442,545","221,272","663,817",
10,043917  BLUE RIDGE ISD,"441,304","220,652","661,956",
16,242903  WHEELER ISD,"438,853","219,426","658,279",
4,101821  HOUSTON HEIGHTS HIGH SCHOOL,"436,736","218,368","655,104",
12,050904  OGLESBY ISD,"436,341","218,171","654,512",
17,110907  SUNDOWN ISD,"432,854","216,427","649,281",
13,227906  TEXAS SCH FOR THE DEAF,"431,003","215,502","646,505",
7,001909  SLOCUM ISD,"428,521","214,261","642,782",
13,227829  VALOR PUBLIC SCHOOLS,"428,337","214,168","642,505",
4,084804  AMBASSADORS PREPARATORY ACADEMY,"427,501","213,751","641,252",
10,074912  TRENTON ISD,"427,491","213,746","641,237",
4,020910  DAMON ISD,"425,980","212,990","638,970",
20,193902  LEAKEY ISD,"425,860","212,930","638,790",
19,071803  TRIUMPH PUBLIC HIGH SCHOOLS-EL PASO,"425,265","212,632","637,897",
20,015913  LACKLAND ISD,"425,225","212,612","637,837",
16,211902  STRATFORD ISD,"422,213","211,107","633,320",
17,"152910 
IDALOU ISD","420,327","210,163","630,490",
11,072909  LINGLEVILLE ISD,"416,640","208,320","624,960",
17,095904  PETERSBURG ISD,"416,625","208,312","624,937",
17,110905  ROPES ISD,"415,829","207,915","623,744",
12,109905  HUBBARD ISD,"414,794","207,397","622,191",
6,145907  OAKWOOD ISD,"414,179","207,089","621,268",
6,093901  ANDERSON-SHIRO CISD,"413,163","206,581","619,744",
20,015839  PROMESA ACADEMY CHARTER SCHOOL,"407,309","203,655","610,964",
12,109910  MOUNT CALM ISD,"406,899","203,450","610,349",
10,091901  BELLS ISD,"405,439","202,719","608,158",
9,099902  CHILLICOTHE ISD,"404,473","202,237","606,710",
3,143903  SHINER ISD,"403,767","201,884","605,651",
16,185902  FARWELL ISD,"402,622","201,311","603,933",
19,071809  VISTA DEL FUTURO CHARTER SCHOOL,"401,837","200,918","602,755",
7,212804  UT TYLER UNIVERSITY ACADEMY,"400,776","200,388","601,164",
20,015814  POSITIVE SOLUTIONS CHARTER SCHOOL,"398,745","199,372","598,117",
12,161925  GHOLSON ISD,"393,817","196,909","590,726",
3,143902  MOULTON ISD,"389,089","194,545","583,634",
15,206903  CHEROKEE ISD,"388,114","194,057","582,171",
10,070915  MAYPEARL ISD,"386,373","193,186","579,559",
8,112905  CUMBY ISD,"386,323","193,161","579,484",
4,101815  ALIEF MONTESSORI COMMUNITY SCHOOL,"386,253","193,126","579,379",
14,104903  RULE ISD,"383,236","191,618","574,854",
7,001906  NECHES ISD,"381,745","190,873","572,618",
15,025905  MAY ISD,"381,225","190,612","571,837",
20,015840  SAN ANTONIO PREPARATORY CHARTER SCHOOL,"380,875","190,437","571,312",
6,166907  BUCKHOLTS ISD,"380,659","190,330","570,989",
17,153907  WILSON ISD,"374,566","187,283","561,849",
7,174910  ETOILE ISD,"374,126","187,063","561,189",
9,138902  KNOX CITY-O'BRIEN CISD,"372,720","186,360","559,080",
13,227826  MONTESSORI FOR ALL,"372,525","186,263","558,788",
4,101803  ARISTOI CLASSICAL ACADEMY,"368,277","184,139","552,416",
18,165802  MIDLAND ACADEMY CHARTER SCHOOL,"367,352","183,676","551,028",
14,067908  RISING STAR ISD,"366,632","183,316","549,948",
15,025906  ZEPHYR ISD,"365,761","182,881","548,642",
16,219905  KRESS ISD,"365,301","182,650","547,951",
5,146905  HULL-DAISETTA ISD,"365,181","182,590","547,771",
2,178908  PORT ARANSAS ISD,"364,491","182,245","546,736",
18,186901  BUENA VISTA ISD,"363,555","181,777","545,332",
6,239903  BURTON ISD,"362,819","181,410","544,229",
18,"186903 
IRAAN-SHEFFIELD ISD","360,398","180,199","540,597",
11,049906  ERA ISD,"356,771","178,386","535,157",
12,161923  BOSQUEVILLE ISD,"356,716","178,358","535,074",
18,114904  FORSAN ISD,"353,799","176,900","530,699",
17,063903  SPUR ISD,"352,564","176,282","528,846",
13,086902  HARPER ISD,"352,233","176,117","528,350",
9,005902  HOLLIDAY ISD,"352,003","176,002","528,005",
9,078901  CROWELL ISD,"351,353","175,677","527,030",
16,033902  PANHANDLE ISD,"350,507","175,254","525,761",
15,226908  VERIBEST ISD,"349,062","174,531","523,593",
11,249901  ALVORD ISD,"348,761","174,381","523,142",
13,105802  TEXAS PREPARATORY SCHOOL,"348,431","174,216","522,647",
17,140901  AMHERST ISD,"344,489","172,245","516,734",
8,060914  FANNINDEL ISD,"343,914","171,957","515,871",
8,034902  AVINGER ISD,"343,724","171,862","515,586",
10,057819  JEAN MASSIEU ACADEMY,"342,653","171,327","513,980",
18,156905  GRADY ISD,"340,857","170,429","511,286",
4,101872  ETOILE ACADEMY CHARTER SCHOOL,"338,761","169,380","508,141",
11,182902  GRAFORD ISD,"337,875","168,938","506,813",
16,171902  SUNRAY ISD,"337,695","168,848","506,543",
13,227819  UNIVERSITY OF TEXAS ELEMENTARY CHARTER SCHOOL,"336,890","168,445","505,335",
7,201907  MOUNT ENTERPRISE ISD,"336,685","168,342","505,027",
7,107907  TRINIDAD ISD,"335,104","167,552","502,656",
14,076904  ROTAN ISD,"334,774","167,387","502,161",
5,121906  EVADALE ISD,"333,813","166,907","500,720",
10,043912  PROSPER ISD,"330,191","165,096","495,287",
10,057809  NOVA ACADEMY,"329,035","164,518","493,553",
12,018907  KOPPERL ISD,"325,023","162,512","487,535",
20,163902  D'HANIS ISD,"324,598","162,299","486,897",
6,154903  NORTH ZULCH ISD,"321,266","160,633","481,899",
8,112909  SALTILLO ISD,"320,221","160,110","480,331",
15,160904  ROCHELLE ISD,"314,723","157,361","472,084",
11,111902  LIPAN ISD,"314,352","157,176","471,528",
18,248902  WINK-LOVING ISD,"313,697","156,848","470,545",
14,067904  GORMAN ISD,"313,001","156,501","469,502",
14,076903  ROBY CISD,"311,966","155,983","467,949",
14,047903  GUSTINE ISD,"311,505","155,753","467,258",
10,057805  LUMIN EDUCATION,"309,890","154,945","464,835",
20,232904  UTOPIA ISD,"308,859","154,430","463,289",
13,246912  THRALL ISD,"308,074","154,037","462,111",
12,050909  JONESBORO ISD,"306,613","153,306","459,919",
17,140907  SPRINGLAKE-EARTH ISD,"305,527","152,764","458,291",
4,101874  LEGACY SCHOOL OF SPORT SCIENCES,"304,441","152,221","456,662",
6,093905  RICHARDS ISD,"302,831","151,415","454,246",
6,166902  GAUSE ISD,"302,461","151,230","453,691",
4,101871  A+ UNLIMITED POTENTIAL,"299,489","149,744","449,233",
7,107908  MURCHISON ISD,"299,244","149,622","448,866",
10,091902  COLLINSVILLE ISD,"298,803","149,402","448,205",
2,178906  LONDON ISD,"298,699","149,349","448,048",
12,161901  CRAWFORD ISD,"298,133","149,067","447,200",
13,246905  GRANGER ISD,"296,527","148,264","444,791",
8,019911  RED LICK ISD,"295,902","147,951","443,853",
15,048901  EDEN CISD,"294,991","147,496","442,487",
10,074905  ECTOR ISD,"294,846","147,423","442,269",
17,110908  WHITHARRAL ISD,"293,755","146,878","440,633",
15,041901  BRONTE ISD,"293,451","146,725","440,176",
18,195902  BALMORHEA ISD,"291,204","145,602","436,806",
4,020904  DANBURY ISD,"290,123","145,062","435,185",
15,200902  MILES ISD,"289,793","144,897","434,690",
10,091917  GUNTER ISD,"289,683","144,842","434,525",
11,213801  BRAZOS RIVER CHARTER SCHOOL,"287,452","143,726","431,178",
15,226901  CHRISTOVAL ISD,"287,057","143,528","430,585",
7,201904  LEVERETTS CHAPEL ISD,"285,061","142,530","427,591",
17,152806  BETTY M CONDRA SCHOOL FOR EDUCATION INNOVATION,"284,495","142,248","426,743",
20,247904  POTH ISD,"281,994","140,997","422,991",
20,133902  HUNT ISD,"280,123","140,061","420,184",
12,050901  EVANT ISD,"273,064","136,532","409,596",
17,058909  SANDS CISD,"270,627","135,314","405,941",
2,125906  LA GLORIA ISD,"269,372","134,686","404,058",
15,216901  STERLING CITY ISD,"268,771","134,386","403,157",
14,168903  WESTBROOK ISD,"268,771","134,386","403,157",
15,041902  ROBERT LEE ISD,"265,905","132,952","398,857",
11,184909  BROCK ISD,"264,889","132,445","397,334",
14,209902  MORAN ISD,"263,804","131,902","395,706",
8,112907  MILLER GROVE ISD,"263,223","131,612","394,835",
11,072802  ERATH EXCELS ACADEMY INC,"261,763","130,881","392,644",
9,169911  SAINT JO ISD,"260,637","130,318","390,955",
18,122901  FT DAVIS ISD,"260,567","130,283","390,850",
17,058905  KLONDIKE ISD,"260,507","130,253","390,760",
10,091907  TIOGA ISD,"260,232","130,116","390,348",
13,028906  PRAIRIE LEA ISD,"257,295","128,648","385,943",
12,018903  MORGAN ISD,"255,914","127,957","383,871",
16,090902  LEFORS ISD,"254,603","127,302","381,905",
5,229906  CHESTER ISD,"254,583","127,292","381,875",
11,061910  ARGYLE ISD,"252,877","126,439","379,316",
16,103901  CHANNING ISD,"252,633","126,316","378,949",
7,201903  LANEVILLE ISD,"250,161","125,081","375,242",
12,109913  BLUM ISD,"247,980","123,990","371,970",
15,233903  COMSTOCK ISD,"245,413","122,707","368,120",
6,236801  RAVEN SCHOOL,"244,893","122,447","367,340",
9,119903  PERRIN-WHITT CISD,"244,653","122,326","366,979",
16,006902  CLAUDE ISD,"240,030","120,015","360,045",
16,065902  HEDLEY ISD,"236,683","118,342","355,025",
17,173901  MOTLEY COUNTY ISD,"235,793","117,896","353,689",
5,100908  WEST HARDIN COUNTY CISD,"234,492","117,246","351,738",
16,090903  MCLEAN ISD,"234,432","117,216","351,648",
9,138904  BENJAMIN ISD,"232,806","116,403","349,209",
20,128904  FALLS CITY ISD,"232,051","116,025","348,076",
16,219901  HAPPY ISD,"230,525","115,262","345,787",
16,056902  TEXLINE ISD,"229,625","114,812","344,437",
17,085903  SOUTHLAND ISD,"228,849","114,425","343,274",
15,025904  BLANKET ISD,"227,729","113,864","341,593",
10,057919  SUNNYVALE ISD,"227,619","113,809","341,428",
6,228904  CENTERVILLE ISD,"227,323","113,662","340,985",
9,224901  THROCKMORTON COLLEGIATE ISD,"226,953","113,476","340,429",
14,208901  HERMLEIGH ISD,"226,413","113,206","339,619",
12,109903  COVINGTON ISD,"223,956","111,978","335,934",
10,070909  MILFORD ISD,"220,329","110,165","330,494",
17,095902  COTTON CENTER ISD,"218,843","109,422","328,265",
14,221905  TRENT ISD,"217,848","108,924","326,772",
14,104907  PAINT CREEK ISD,"216,597","108,299","324,896",
11,182905  STRAWN ISD,"215,387","107,693","323,080",
17,058902  DAWSON ISD,"214,041","107,020","321,061",
14,217901  ASPERMONT ISD,"213,741","106,870","320,611",
10,074911  SAVOY ISD,"210,113","105,057","315,170",
16,148901  BOOKER ISD,"209,618","104,809","314,427",
10,074904  DODD CITY ISD,"209,028","104,514","313,542",
15,200906  OLFEN ISD,"208,948","104,474","313,422",
8,112910  SULPHUR BLUFF ISD,"208,102","104,051","312,153",
14,177905  HIGHLAND ISD,"207,952","103,976","311,928",
11,182906  PALO PINTO ISD,"207,862","103,931","311,793",
17,083902  LOOP ISD,"207,747","103,874","311,621",
12,"018906 
IREDELL ISD","206,807","103,403","310,210",
15,206902  RICHLAND SPRINGS ISD,"206,661","103,331","309,992",
16,023902  SILVERTON ISD,"204,635","102,318","306,953",
9,224902  WOODSON ISD,"203,095","101,547","304,642",
11,072901  THREE WAY ISD,"202,935","101,467","304,402",
12,109902  BYNUM ISD,"201,319","100,659","301,978",
12,109912  AQUILLA ISD,"200,653","100,327","300,980",
11,182901  GORDON ISD,"199,807","99,904","299,711",
11,049902  MUENSTER ISD,"199,393","99,696","299,089",
9,169909  PRAIRIE VALLEY ISD,"196,536","98,268","294,804",
12,018908  CRANFILLS GAP ISD,"196,241","98,120","294,361",
11,049907  LINDSAY ISD,"194,550","97,275","291,825",
9,005904  WINDTHORST ISD,"193,945","96,972","290,917",
8,019913  HUBBARD ISD,"192,774","96,387","289,161",
9,169906  GOLD BURG ISD,"191,808","95,904","287,712",
17,063906  PATTON SPRINGS ISD,"191,648","95,824","287,472",
11,249908  SLIDELL ISD,"191,073","95,536","286,609",
10,043908  MELISSA ISD,"190,463","95,231","285,694",
4,101807  UNIVERSITY OF HOUSTON CHARTER SCHOOL,"188,827","94,413","283,240",
3,158904  MATAGORDA ISD,"188,341","94,171","282,512",
16,185904  LAZBUDDIE ISD,"186,991","93,495","280,486",
15,025908  BROOKESMITH ISD,"185,625","92,812","278,437",
3,062902  NORDHEIM ISD,"184,539","92,270","276,809",
12,081906  DEW ISD,"183,479","91,739","275,218",
3,062906  MEYERSVILLE ISD,"183,243","91,622","274,865",
16,033904  WHITE DEER ISD,"182,388","91,194","273,582",
9,169908  MONTAGUE ISD,"180,652","90,326","270,978",
17,153905  NEW HOME ISD,"179,861","89,931","269,792",
12,109908  MALONE ISD,"179,381","89,691","269,072",
8,019914  LEARY ISD,"177,830","88,915","266,745",
20,015833  HENRY FORD ACADEMY ALAMEDA SCHOOL FOR ART + DESIGN,"177,620","88,810","266,430",
19,115903  DELL CITY ISD,"176,785","88,392","265,177",
13,227821  AUSTIN DISCOVERY SCHOOL,"176,689","88,345","265,034",
3,062905  WESTHOFF ISD,"175,074","87,537","262,611",
18,222901  TERRELL COUNTY ISD,"174,719","87,359","262,078",
13,246914  COUPLAND ISD,"173,538","86,769","260,307",
16,098901  GRUVER ISD,"171,542","85,771","257,313",
14,047905  SIDNEY ISD,"170,621","85,311","255,932",
14,127905  LUEDERS-AVOCA ISD,"170,421","85,211","255,632",
9,169910  FORESTBURG ISD,"169,861","84,930","254,791",
7,210906  EXCELSIOR ISD,"166,674","83,337","250,011",
19,115902  SIERRA BLANCA ISD,"163,552","81,776","245,328",
18,238904  GRANDFALLS-ROYALTY ISD,"163,057","81,528","244,585",
16,148905  DARROUZETT ISD,"162,862","81,431","244,293",
4,101876  REVE PREPARATORY CHARTER SCHOOL,"161,461","80,731","242,192",
4,146903  DEVERS ISD,"161,271","80,635","241,906",
12,167904  PRIDDY ISD,"158,359","79,180","237,539",
10,070901  AVALON ISD,"157,644","78,822","236,466",
15,160905  LOHN ISD,"156,929","78,464","235,393",
15,"118902 
IRION COUNTY ISD","156,168","78,084","234,252",
12,161924  HALLSBURG ISD,"155,708","77,854","233,562",
3,235904  NURSERY ISD,"154,877","77,439","232,316",
11,072908  HUCKABAY ISD,"154,247","77,123","231,370",
16,180902  VEGA ISD,"150,690","75,345","226,035",
18,087901  GLASSCOCK COUNTY ISD,"150,465","75,232","225,697",
12,109914  PENELOPE ISD,"150,375","75,187","225,562",
9,244905  NORTHSIDE ISD,"149,685","74,842","224,527",
8,019910  MALTA ISD,"147,108","73,554","220,662",
11,184911  GARNER ISD,"144,477","72,238","216,715",
11,111801  LAKE GRANBURY ACADEMY CHARTER SCHOOL,"143,366","71,683","215,049",
13,144903  DIME BOX ISD,"143,316","71,658","214,974",
16,033901  GROOM ISD,"139,584","69,792","209,376",
16,059902  WALCOTT ISD,"137,808","68,904","206,712",
16,035903  NAZARETH ISD,"136,412","68,206","204,618",
20,015906  RANDOLPH FIELD ISD,"134,011","67,005","201,016",
12,109901  ABBOTT ISD,"133,570","66,785","200,355",
13,075908  ROUND TOP-CARMINE ISD,"133,160","66,580","199,740",
16,148902  FOLLETT ISD,"133,105","66,553","199,658",
18,068802  COMPASS ACADEMY CHARTER SCHOOL,"132,860","66,430","199,290",
13,075906  FAYETTEVILLE ISD,"132,295","66,147","198,442",
18,231902  RANKIN ISD,"128,963","64,481","193,444",
16,103902  HARTLEY ISD,"127,962","63,981","191,943",
9,039905  MIDWAY ISD,"127,192","63,596","190,788",
5,084903  HIGH ISLAND ISD,"124,200","62,100","186,300",
11,072904  BLUFF DALE ISD,"123,305","61,652","184,957",
9,039904  BELLEVUE ISD,"120,688","60,344","181,032",
13,105801  KATHERINE ANNE PORTER SCHOOL,"116,881","58,440","175,321",
2,013902  PAWNEE ISD,"113,489","56,744","170,233",
17,132902  JAYTON-GIRARD ISD,"111,173","55,586","166,759",
16,180904  WILDORADO ISD,"107,151","53,575","160,726",
13,246801  MERIDIAN WORLD SCHOOL LLC,"106,295","53,147","159,442",
2,066005  RAMIREZ CSD,"106,145","53,072","159,217",
4,101875  BLOOM ACADEMY CHARTER SCHOOL,"105,615","52,807","158,422",
3,143906  EZZELL ISD,"105,505","52,752","158,257",
4,101878  HOUSTON CLASSICAL CHARTER SCHOOL,"99,531","49,766","149,297",
16,197902  MIAMI ISD,"96,379","48,190","144,569",
11,049909  SIVELLS BEND ISD,"92,702","46,351","139,053",
16,180903  ADRIAN ISD,"92,652","46,326","138,978",
18,068803  UTPB STEM ACADEMY,"91,792","45,896","137,688",
7,234801  RANCH ACADEMY,"91,297","45,648","136,945",
16,242905  KELTON ISD,"88,745","44,373","133,118",
11,184801  CROSSTIMBERS ACADEMY,"87,759","43,880","131,639",
16,211901  TEXHOMA ISD,"87,635","43,817","131,452",
11,049908  WALNUT BEND ISD,"86,524","43,262","129,786",
17,017901  BORDEN COUNTY ISD,"83,597","41,799","125,396",
13,246802  GOODWATER MONTESSORI SCHOOL,"83,312","41,656","124,968",
11,072910  MORGAN MILL ISD,"82,241","41,121","123,362",
16,117907  SPRING CREEK ISD,"81,701","40,851","122,552",
4,101842  COMQUEST ACADEMY,"75,347","37,674","113,021",
16,098903  PRINGLE-MORSE CISD,"74,567","37,284","111,851",
3,143905  SWEET HOME ISD,"73,821","36,911","110,732",
2,131001  KENEDY COUNTY WIDE CSD,"67,553","33,777","101,330",
3,143904  VYSEHRAD ISD,"67,418","33,709","101,127",
12,073904  WESTPHALIA ISD,"60,839","30,420","91,259",
11,220809  FORT WORTH ACADEMY OF FINE ARTS,"50,919","25,459","76,378",
18,122902  VALENTINE ISD,"48,803","24,401","73,204",
11,220814  TEXAS SCHOOL OF THE ARTS,"47,477","23,738","71,215",
18,022902  MARATHON ISD,"10,491","5,245","15,736",
13,227905  TEXAS SCH FOR THE BLIND & VISUALLY IMPAIRED,"7,014","3,507","10,521",